,category,character name
0,Time_of_Contempt_characters,Adalia
1,Time_of_Contempt_characters,Adela
2,Time_of_Contempt_characters,Aen_Saevherne
3,Time_of_Contempt_characters,Aevenien
4,Time_of_Contempt_characters,Agla%C3%AFs
5,Time_of_Contempt_characters,Albrich
6,Time_of_Contempt_characters,Amavet
7,Time_of_Contempt_characters,Angus_Bri_Cri
8,Time_of_Contempt_characters,Anna_Kameny
9,Time_of_Contempt_characters,Anzelm_Aubry
10,Time_of_Contempt_characters,Artaud_Terranova
11,Time_of_Contempt_characters,Asse
12,Time_of_Contempt_characters,Assire_var_Anahid
13,Time_of_Contempt_characters,Aubry_(first_born)
14,Time_of_Contempt_characters,Augusta_Wagner
15,Time_of_Contempt_characters,Baron_of_Casadei
16,Time_of_Contempt_characters,Beatrix_of_Kovir
17,Time_of_Contempt_characters,Bronik
18,Time_of_Contempt_characters,Brouver_Hoog
19,Time_of_Contempt_characters,Cahir_Mawr_Dyffryn_aep_Ceallach
20,Time_of_Contempt_characters,Calanthe
21,Time_of_Contempt_characters,Caleb_Stratton
22,Time_of_Contempt_characters,Carduin
23,Time_of_Contempt_characters,Ceallach_aep_Gruffyd
24,Time_of_Contempt_characters,Cerro
25,Time_of_Contempt_characters,Ciaran_aep_Dearbh
26,Time_of_Contempt_characters,Ciri
27,Time_of_Contempt_characters,Cirilla_Fiona_(imposter)
28,Time_of_Contempt_characters,Codringher
29,Time_of_Contempt_characters,Coinneach_D%C3%A1_Reo
30,Time_of_Contempt_characters,Connor
31,Time_of_Contempt_characters,Coram_I
32,Time_of_Contempt_characters,Coram_II
33,Time_of_Contempt_characters,Corbett
34,Time_of_Contempt_characters,Cosmo_Baldenvegg
35,Time_of_Contempt_characters,Count_Lanier
36,Time_of_Contempt_characters,Cregennan_of_Lod
37,Time_of_Contempt_characters,Crispin
38,Time_of_Contempt_characters,Dagorad
39,Time_of_Contempt_characters,Dandelion
40,Time_of_Contempt_characters,Daniel_Etcheverry
41,Time_of_Contempt_characters,Demavend_III
42,Time_of_Contempt_characters,Echel_Traighlethan
43,Time_of_Contempt_characters,Effenberg
44,Time_of_Contempt_characters,Eithn%C3%A9
45,Time_of_Contempt_characters,Elan_Trahe
46,Time_of_Contempt_characters,Elen_of_Kaedwen
47,Time_of_Contempt_characters,Emhyr_var_Emreis
48,Time_of_Contempt_characters,Emiel_Regis_Rohellec_Terzieff-Godefroy
49,Time_of_Contempt_characters,Ethain
50,Time_of_Contempt_characters,Falka
51,Time_of_Contempt_characters,Falka_(alias)
52,Time_of_Contempt_characters,Fauve
53,Time_of_Contempt_characters,Field_Marshal_Windbag
54,Time_of_Contempt_characters,Figgis_Merluzzo
55,Time_of_Contempt_characters,Fiona
56,Time_of_Contempt_characters,Flourens_Delannoy
57,Time_of_Contempt_characters,Francesca_Findabair
58,Time_of_Contempt_characters,Fringilla_Vigo
59,Time_of_Contempt_characters,Geralt_of_Rivia
60,Time_of_Contempt_characters,Gerhart_of_Aelle
61,Time_of_Contempt_characters,Giselher
62,Time_of_Contempt_characters,Goidemar
63,Time_of_Contempt_characters,Havekar
64,Time_of_Contempt_characters,Hector_Laabs
65,Time_of_Contempt_characters,Hedwig_of_Malleore
66,Time_of_Contempt_characters,Henselt
67,Time_of_Contempt_characters,Houtborg_triplets
68,Time_of_Contempt_characters,Ida_Emean_aep_Sivney
69,Time_of_Contempt_characters,Iorweth
70,Time_of_Contempt_characters,Isengrim_Faoiltiarna
71,Time_of_Contempt_characters,Iskra
72,Time_of_Contempt_characters,Istredd
73,Time_of_Contempt_characters,Ithlinne
74,Time_of_Contempt_characters,Jacob_Fenn
75,Time_of_Contempt_characters,Jan_Lennep
76,Time_of_Contempt_characters,Jan_Struycken
77,Time_of_Contempt_characters,Jolie_Lanier
78,Time_of_Contempt_characters,Kayleigh
79,Time_of_Contempt_characters,Keira_Metz
80,Time_of_Contempt_characters,Kolda
81,Time_of_Contempt_characters,Lara_Dorren
82,Time_of_Contempt_characters,Leo_Bonhart
83,Time_of_Contempt_characters,Leticia_Charbonneau
84,Time_of_Contempt_characters,Lucretia_Vigo
85,Time_of_Contempt_characters,Margarita_Laux-Antille
86,Time_of_Contempt_characters,Merlin
87,Time_of_Contempt_characters,Meve
88,Time_of_Contempt_characters,Milenka
89,Time_of_Contempt_characters,Millet
90,Time_of_Contempt_characters,Milva
91,Time_of_Contempt_characters,Mistle
92,Time_of_Contempt_characters,Morteisen
93,Time_of_Contempt_characters,Munro_Bruys
94,Time_of_Contempt_characters,Muriel
95,Time_of_Contempt_characters,Mykitka
96,Time_of_Contempt_characters,Nazarian
97,Time_of_Contempt_characters,Nimue_verch_Wledyr_ap_Gwyn
98,Time_of_Contempt_characters,Ori_Reuven
99,Time_of_Contempt_characters,Orla
100,Time_of_Contempt_characters,Papebrock
101,Time_of_Contempt_characters,Percival_Schuttenbach
102,Time_of_Contempt_characters,Philippa_Eilhart
103,Time_of_Contempt_characters,Pinto
104,Time_of_Contempt_characters,Radovid_V
105,Time_of_Contempt_characters,Reef
106,Time_of_Contempt_characters,Reynard_Odo
107,Time_of_Contempt_characters,Riannon
108,Time_of_Contempt_characters,Rience
109,Time_of_Contempt_characters,Riordain
110,Time_of_Contempt_characters,Roach
111,Time_of_Contempt_characters,Robert_of_Garramone
112,Time_of_Contempt_characters,Roger_Kameny
113,Time_of_Contempt_characters,Sabrina_Glevissig
114,Time_of_Contempt_characters,Schirr%C3%BA
115,Time_of_Contempt_characters,Servadio
116,Time_of_Contempt_characters,Sheala_de_Tancarville
117,Time_of_Contempt_characters,Shilard_Fitz-Oesterlen
118,Time_of_Contempt_characters,Sievers
119,Time_of_Contempt_characters,Sigismund_Dijkstra
120,Time_of_Contempt_characters,Silvester_Bugiardo
121,Time_of_Contempt_characters,Simlas_Finn_aep_Dabairr
122,Time_of_Contempt_characters,Sirssa
123,Time_of_Contempt_characters,Stefan_Skellen
124,Time_of_Contempt_characters,Stella_Congreve
125,Time_of_Contempt_characters,Stribog
126,Time_of_Contempt_characters,Stucco_Zangenis
127,Time_of_Contempt_characters,Talbot
128,Time_of_Contempt_characters,Tissaia_de_Vries
129,Time_of_Contempt_characters,Toruviel
130,Time_of_Contempt_characters,Triss_Merigold
131,Time_of_Contempt_characters,Tugdual
132,Time_of_Contempt_characters,Tuzik
133,Time_of_Contempt_characters,Vanadain
134,Time_of_Contempt_characters,Vascoigne
135,Time_of_Contempt_characters,Vattier_de_Rideaux
136,Time_of_Contempt_characters,Vera_Loewenhaupt
137,Time_of_Contempt_characters,Vilgefortz
138,Time_of_Contempt_characters,Vissegerd
139,Time_of_Contempt_characters,Vizimir_II
140,Time_of_Contempt_characters,Vreemde
141,Time_of_Contempt_characters,Vridank
142,Time_of_Contempt_characters,Xarthisius
143,Time_of_Contempt_characters,Yazon_Varda
144,Time_of_Contempt_characters,Yennefer_of_Vengerberg
145,Time_of_Contempt_characters,Zgarba
146,Time_of_Contempt_characters,Zoltan_Chivay
147,Time_of_Contempt_characters,Blood_of_Elves_minor_characters
148,Time_of_Contempt_characters,Abrad_the_Old_Oak
149,Time_of_Contempt_characters,Aelirenn
150,Time_of_Contempt_characters,Agnes_of_Glanville
151,Time_of_Contempt_characters,Anna_Tiller
152,Time_of_Contempt_characters,Ans%C3%A9is
153,Time_of_Contempt_characters,Artaud_Terranova
154,Time_of_Contempt_characters,Axel_Esparza
155,Time_of_Contempt_characters,Boatbug
156,Time_of_Contempt_characters,Boratek
157,Time_of_Contempt_characters,Bronibor
158,Time_of_Contempt_characters,Cahir_Mawr_Dyffryn_aep_Ceallach
159,Time_of_Contempt_characters,Calanthe
160,Time_of_Contempt_characters,Carduin
161,Time_of_Contempt_characters,Carla_Demetia_Crest
162,Time_of_Contempt_characters,Ciri
163,Time_of_Contempt_characters,Co%C3%ABn
164,Time_of_Contempt_characters,Crach_an_Craite
165,Time_of_Contempt_characters,Dandelion
166,Time_of_Contempt_characters,Demavend_III
167,Time_of_Contempt_characters,Dezmod
168,Time_of_Contempt_characters,Donimir_of_Troy
169,Time_of_Contempt_characters,Duke_de_Ruyter
170,Time_of_Contempt_characters,Edmund_Bumbler
171,Time_of_Contempt_characters,Eist_Tuirseach
172,Time_of_Contempt_characters,Ekkehard_of_Sodden
173,Time_of_Contempt_characters,Emhyr_var_Emreis
174,Time_of_Contempt_characters,Ervyll
175,Time_of_Contempt_characters,Eskel
176,Time_of_Contempt_characters,Essi_Daven
177,Time_of_Contempt_characters,Esterad_Thyssen
178,Time_of_Contempt_characters,Ethain
179,Time_of_Contempt_characters,Eurneid
180,Time_of_Contempt_characters,Everett
181,Time_of_Contempt_characters,Fercart
182,Time_of_Contempt_characters,Flavius_Michelet
183,Time_of_Contempt_characters,Foltest
184,Time_of_Contempt_characters,Francesca_Findabair
185,Time_of_Contempt_characters,Geoffrey_Monck
186,Time_of_Contempt_characters,Geralt_of_Rivia
187,Time_of_Contempt_characters,Gerhart_of_Aelle
188,Time_of_Contempt_characters,Giambattista
189,Time_of_Contempt_characters,Griffin_of_Temeria
190,Time_of_Contempt_characters,Gruzila
191,Time_of_Contempt_characters,Henselt
192,Time_of_Contempt_characters,Herbert_Stammelford
193,Time_of_Contempt_characters,Hereward
194,Time_of_Contempt_characters,Hrosvitha
195,Time_of_Contempt_characters,Iola
196,Time_of_Contempt_characters,Iola_the_Second
197,Time_of_Contempt_characters,Ironware
198,Time_of_Contempt_characters,Ithlinne
199,Time_of_Contempt_characters,Ivo_Richert
200,Time_of_Contempt_characters,Jan_Bekker
201,Time_of_Contempt_characters,Jarre
202,Time_of_Contempt_characters,Katje
203,Time_of_Contempt_characters,Keira_Metz
204,Time_of_Contempt_characters,Kistrin
205,Time_of_Contempt_characters,Lambert
206,Time_of_Contempt_characters,Linus_Pitt
207,Time_of_Contempt_characters,Lodovico_Michelet
208,Time_of_Contempt_characters,Lucas_Corto
209,Time_of_Contempt_characters,Lydia_van_Bredevoort
210,Time_of_Contempt_characters,Lytta_Neyd
211,Time_of_Contempt_characters,Mama_Lantieri
212,Time_of_Contempt_characters,Maria_Louisa_La_Valette
213,Time_of_Contempt_characters,Marquis_La_Creahme
214,Time_of_Contempt_characters,Medell
215,Time_of_Contempt_characters,Menno_Coehoorn
216,Time_of_Contempt_characters,Meve
217,Time_of_Contempt_characters,Michelet_brothers
218,Time_of_Contempt_characters,Milan_Raupenneck
219,Time_of_Contempt_characters,Myhrman
220,Time_of_Contempt_characters,Myrrha
221,Time_of_Contempt_characters,Nenneke
222,Time_of_Contempt_characters,Nicodemus_de_Boot
223,Time_of_Contempt_characters,Niedamir
224,Time_of_Contempt_characters,Old_Baron_La_Valette
225,Time_of_Contempt_characters,Olsen
226,Time_of_Contempt_characters,Ori_Reuven
227,Time_of_Contempt_characters,Paulie_Dahlberg
228,Time_of_Contempt_characters,Pavetta
229,Time_of_Contempt_characters,Pelligram
230,Time_of_Contempt_characters,Philippa_Eilhart
231,Time_of_Contempt_characters,Podveyka
232,Time_of_Contempt_characters,Radcliffe
233,Time_of_Contempt_characters,Radovid_I
234,Time_of_Contempt_characters,Radovid_III
235,Time_of_Contempt_characters,Rayla
236,Time_of_Contempt_characters,Regan_Dahlberg
237,Time_of_Contempt_characters,Reginald
238,Time_of_Contempt_characters,Rience
239,Time_of_Contempt_characters,Rizzi_Michelet
240,Time_of_Contempt_characters,Roach
241,Time_of_Contempt_characters,Sambuk
242,Time_of_Contempt_characters,Schrader
243,Time_of_Contempt_characters,Shani
244,Time_of_Contempt_characters,Sheldon_Skaggs
245,Time_of_Contempt_characters,Sigismund_Dijkstra
246,Time_of_Contempt_characters,Stran
247,Time_of_Contempt_characters,Tissaia_de_Vries
248,Time_of_Contempt_characters,Toublanc_Michelet
249,Time_of_Contempt_characters,Triss_Merigold
250,Time_of_Contempt_characters,Unist
251,Time_of_Contempt_characters,Vanielle
252,Time_of_Contempt_characters,Venzlav
253,Time_of_Contempt_characters,Vera_Loewenhaupt
254,Time_of_Contempt_characters,Vesemir
255,Time_of_Contempt_characters,Vilfrid_Wenck
256,Time_of_Contempt_characters,Vilgefortz
257,Time_of_Contempt_characters,Villem
258,Time_of_Contempt_characters,Virfuril
259,Time_of_Contempt_characters,Vissegerd
260,Time_of_Contempt_characters,Vitek
261,Time_of_Contempt_characters,Vizimir_II
262,Time_of_Contempt_characters,Windhalm_of_Attre
263,Time_of_Contempt_characters,Wolfgang_Amadeus_Goatbeard
264,Time_of_Contempt_characters,Xavier_Moran
265,Time_of_Contempt_characters,Yannick_Brass
266,Time_of_Contempt_characters,Yarpen_Zigrin
267,Time_of_Contempt_characters,Yennefer_of_Vengerberg
268,Time_of_Contempt_characters,Yo%C3%ABl_Grethen
269,Time_of_Contempt_characters,Zyvik
270,Time_of_Contempt_characters,Abner_de_Navarette
271,Time_of_Contempt_characters,Adda_the_White
272,Time_of_Contempt_characters,Addarion_Bach
273,Time_of_Contempt_characters,Aguara
274,Time_of_Contempt_characters,Aileach_Mor-Dhu
275,Time_of_Contempt_characters,Albert_Smulka
276,Time_of_Contempt_characters,Algernon_Guincamp
277,Time_of_Contempt_characters,Alzur
278,Time_of_Contempt_characters,Antea_Derris
279,Time_of_Contempt_characters,Axel_Esparza
280,Time_of_Contempt_characters,Bang
281,Time_of_Contempt_characters,Belohun
282,Time_of_Contempt_characters,Bernie_Hofmeier
283,Time_of_Contempt_characters,Biruta_Icarti
284,Time_of_Contempt_characters,Brehen
285,Time_of_Contempt_characters,Briana_de_Sepulveda
286,Time_of_Contempt_characters,Bue
287,Time_of_Contempt_characters,Ciri
288,Time_of_Contempt_characters,Codringher
289,Time_of_Contempt_characters,Colonel_de_Santis
290,Time_of_Contempt_characters,Coppenrath
291,Time_of_Contempt_characters,Cosimo_Malaspina
292,Time_of_Contempt_characters,Dandelion
293,Time_of_Contempt_characters,Drofuss
294,Time_of_Contempt_characters,Edwina
295,Time_of_Contempt_characters,Effenberg
296,Time_of_Contempt_characters,Egmund
297,Time_of_Contempt_characters,Elmer
298,Time_of_Contempt_characters,Escayrac
299,Time_of_Contempt_characters,Febus_Ravenga
300,Time_of_Contempt_characters,Ferrant_de_Lettenhove
301,Time_of_Contempt_characters,Floquet
302,Time_of_Contempt_characters,Frans_Torquil
303,Time_of_Contempt_characters,Geoffrey_Monck
304,Time_of_Contempt_characters,Geralt_of_Rivia
305,Time_of_Contempt_characters,Gonschorek
306,Time_of_Contempt_characters,Harlan_Tzara
307,Time_of_Contempt_characters,Horvath
308,Time_of_Contempt_characters,Idarran_of_Ulivo
309,Time_of_Contempt_characters,Ildiko_Breckl
310,Time_of_Contempt_characters,Jacob_de_Sepulveda
311,Time_of_Contempt_characters,Jacob_Fenn
312,Time_of_Contempt_characters,Jan_Bekker
313,Time_of_Contempt_characters,Javil_Fysh
314,Time_of_Contempt_characters,Jerosa_Fuerte
315,Time_of_Contempt_characters,Jonas
316,Time_of_Contempt_characters,Kevenard_van_Vliet
317,Time_of_Contempt_characters,Lebioda
318,Time_of_Contempt_characters,Ligenza
319,Time_of_Contempt_characters,Lindenbrog
320,Time_of_Contempt_characters,Lytta_Neyd
321,Time_of_Contempt_characters,Marti_S%C3%B6dergren
322,Time_of_Contempt_characters,Maximilian_Borsodi
323,Time_of_Contempt_characters,Maximilian_Borsodi%27s_brother
324,Time_of_Contempt_characters,Messer_Luppi
325,Time_of_Contempt_characters,Mikita
326,Time_of_Contempt_characters,Molnar_Giancardi
327,Time_of_Contempt_characters,Moza%C3%AFk
328,Time_of_Contempt_characters,Myles_Trethevey
329,Time_of_Contempt_characters,Narses_de_la_Roche
330,Time_of_Contempt_characters,Nikefor_Muus
331,Time_of_Contempt_characters,Nimue_verch_Wledyr_ap_Gwyn
332,Time_of_Contempt_characters,Nino_Cianfanelli
333,Time_of_Contempt_characters,Ohnesorg
334,Time_of_Contempt_characters,Ortolan
335,Time_of_Contempt_characters,Osmyk
336,Time_of_Contempt_characters,Otto_Dussart
337,Time_of_Contempt_characters,Pandolfo_Forteguerra
338,Time_of_Contempt_characters,Parlaghy
339,Time_of_Contempt_characters,Pastor
340,Time_of_Contempt_characters,Pelligram
341,Time_of_Contempt_characters,Petru_Cobbin
342,Time_of_Contempt_characters,Prochaska
343,Time_of_Contempt_characters,Prospero_Basti
344,Time_of_Contempt_characters,Pudlorak
345,Time_of_Contempt_characters,Pyral_Pratt
346,Time_of_Contempt_characters,Rhyd
347,Time_of_Contempt_characters,Richter
348,Time_of_Contempt_characters,Roach
349,Time_of_Contempt_characters,Ropp
350,Time_of_Contempt_characters,Sabrina_Glevissig
351,Time_of_Contempt_characters,Samsa
352,Time_of_Contempt_characters,Shevlov
353,Time_of_Contempt_characters,Sorel_Degerlund
354,Time_of_Contempt_characters,Stucco_Zangenis
355,Time_of_Contempt_characters,Talbot
356,Time_of_Contempt_characters,Tarp
357,Time_of_Contempt_characters,Tarvix_Sandoval
358,Time_of_Contempt_characters,Tiziana_Frevi
359,Time_of_Contempt_characters,Tonton_Zroga
360,Time_of_Contempt_characters,Trent
361,Time_of_Contempt_characters,Tukaj
362,Time_of_Contempt_characters,Tverdoruk
363,Time_of_Contempt_characters,Vesemir
364,Time_of_Contempt_characters,Videmont
365,Time_of_Contempt_characters,Vimme_Vivaldi
366,Time_of_Contempt_characters,Violetta
367,Time_of_Contempt_characters,Viraxas
368,Time_of_Contempt_characters,Vizimir_II
369,Time_of_Contempt_characters,Vorsterkranz
370,Time_of_Contempt_characters,Vysogota_of_Corvo
371,Time_of_Contempt_characters,Wledyr
372,Time_of_Contempt_characters,Xander
373,Time_of_Contempt_characters,Xymena_de_Sepulveda
374,Time_of_Contempt_characters,Yan_Malkin
375,Time_of_Contempt_characters,Yennefer_of_Vengerberg
376,Time_of_Contempt_characters,Adda_the_White
377,Time_of_Contempt_characters,Agloval
378,Time_of_Contempt_characters,Alzur
379,Time_of_Contempt_characters,Annika
380,Time_of_Contempt_characters,Braenn
381,Time_of_Contempt_characters,Brennan
382,Time_of_Contempt_characters,Caldemeyn
383,Time_of_Contempt_characters,Chireadan
384,Time_of_Contempt_characters,Ciri
385,Time_of_Contempt_characters,Cirilla_(dryad)
386,Time_of_Contempt_characters,Crach_an_Craite
387,Time_of_Contempt_characters,Czop
388,Time_of_Contempt_characters,Dainty_Biberveldt
389,Time_of_Contempt_characters,Dandelion
390,Time_of_Contempt_characters,Devereux
391,Time_of_Contempt_characters,Dorregaray
392,Time_of_Contempt_characters,Dudu
393,Time_of_Contempt_characters,Eithn%C3%A9_(Braenn%27s_daughter)
394,Time_of_Contempt_characters,Eskel
395,Time_of_Contempt_characters,Ethain
396,Time_of_Contempt_characters,Eurneid
397,Time_of_Contempt_characters,Fregenal
398,Time_of_Contempt_characters,Freixenet
399,Time_of_Contempt_characters,Freya_(Skelliger)
400,Time_of_Contempt_characters,Galahad
401,Time_of_Contempt_characters,Gardenia_Biberveldt
402,Time_of_Contempt_characters,Geralt_of_Rivia
403,Time_of_Contempt_characters,Grozim
404,Time_of_Contempt_characters,Herwig
405,Time_of_Contempt_characters,Hotspurn
406,Time_of_Contempt_characters,Iola_the_Second
407,Time_of_Contempt_characters,Jarre
408,Time_of_Contempt_characters,Kashka
409,Time_of_Contempt_characters,Kehl
410,Time_of_Contempt_characters,Kelpie_(horse)
411,Time_of_Contempt_characters,Korin
412,Time_of_Contempt_characters,Koshchey%27s_Men
413,Time_of_Contempt_characters,Leo_Bonhart
414,Time_of_Contempt_characters,Lily_Biberveldt
415,Time_of_Contempt_characters,Loki_an_Craite
416,Time_of_Contempt_characters,Manissa
417,Time_of_Contempt_characters,Matholm
418,Time_of_Contempt_characters,Merle
419,Time_of_Contempt_characters,Mikula_(blacksmith)
420,Time_of_Contempt_characters,Mistle
421,Time_of_Contempt_characters,Mona_(dryad)
422,Time_of_Contempt_characters,Morenn_(Braenn%27s_daughter)
423,Time_of_Contempt_characters,Mousesack
424,Time_of_Contempt_characters,Nenneke
425,Time_of_Contempt_characters,Percival_Schuttenbach
426,Time_of_Contempt_characters,Radcliffe
427,Time_of_Contempt_characters,Radim
428,Time_of_Contempt_characters,Ragnar_an_Craite
429,Time_of_Contempt_characters,Sandy_Frogmorton
430,Time_of_Contempt_characters,Sh%27eenaz
431,Time_of_Contempt_characters,Sigismund_Dijkstra
432,Time_of_Contempt_characters,"Something_Ends,_Something_Begins_minor_characters"
433,Time_of_Contempt_characters,Sulivoy
434,Time_of_Contempt_characters,Topin
435,Time_of_Contempt_characters,Triss_Merigold
436,Time_of_Contempt_characters,Venzlav
437,Time_of_Contempt_characters,Vesemir
438,Time_of_Contempt_characters,Villentretenmerth
439,Time_of_Contempt_characters,Visenna
440,Time_of_Contempt_characters,Vissing
441,Time_of_Contempt_characters,White_Lady
442,Time_of_Contempt_characters,Willem
443,Time_of_Contempt_characters,Yarpen_Zigrin
444,Time_of_Contempt_characters,Yennefer_of_Vengerberg
445,Time_of_Contempt_characters,Yves
446,Time_of_Contempt_characters,Agloval
447,Time_of_Contempt_characters,Akeretta
448,Time_of_Contempt_characters,Alvina
449,Time_of_Contempt_characters,Arno_Hardbottom
450,Time_of_Contempt_characters,Artaud_Terranova
451,Time_of_Contempt_characters,Atlan_Kerk
452,Time_of_Contempt_characters,Axel_Esparza
453,Time_of_Contempt_characters,Beady-eyes
454,Time_of_Contempt_characters,Begonia_Biberveldt
455,Time_of_Contempt_characters,Boholt
456,Time_of_Contempt_characters,Braenn
457,Time_of_Contempt_characters,Brick
458,Time_of_Contempt_characters,Budibog
459,Time_of_Contempt_characters,Calanthe
460,Time_of_Contempt_characters,Chappelle
461,Time_of_Contempt_characters,Ciri
462,Time_of_Contempt_characters,Crinfrid_Reavers
463,Time_of_Contempt_characters,Cynthia_(ballad_subject)
464,Time_of_Contempt_characters,Dagobert
465,Time_of_Contempt_characters,Dainty_Biberveldt
466,Time_of_Contempt_characters,Dalia
467,Time_of_Contempt_characters,Dandelion
468,Time_of_Contempt_characters,Detchka
469,Time_of_Contempt_characters,Dezmod
470,Time_of_Contempt_characters,Dorregaray
471,Time_of_Contempt_characters,Drunken_ferryman
472,Time_of_Contempt_characters,Dudu
473,Time_of_Contempt_characters,Dunca
474,Time_of_Contempt_characters,Ebbing_quadruplets
475,Time_of_Contempt_characters,Eist_Tuirseach
476,Time_of_Contempt_characters,Eithn%C3%A9
477,Time_of_Contempt_characters,Ekkehard_of_Sodden
478,Time_of_Contempt_characters,Eliza
479,Time_of_Contempt_characters,Emhyr_var_Emreis
480,Time_of_Contempt_characters,Ervyll
481,Time_of_Contempt_characters,Essi_Daven
482,Time_of_Contempt_characters,Ethain
483,Time_of_Contempt_characters,Eyck_of_Denesle
484,Time_of_Contempt_characters,Fercart
485,Time_of_Contempt_characters,Freixenet
486,Time_of_Contempt_characters,Gar
487,Time_of_Contempt_characters,Gardenia_Biberveldt
488,Time_of_Contempt_characters,Gaspard_Drouhard
489,Time_of_Contempt_characters,Geralt_of_Rivia
490,Time_of_Contempt_characters,Goldencheeks
491,Time_of_Contempt_characters,Gorazd
492,Time_of_Contempt_characters,Gritzi
493,Time_of_Contempt_characters,Gyllenstiern
494,Time_of_Contempt_characters,Herbolth
495,Time_of_Contempt_characters,Istredd
496,Time_of_Contempt_characters,Ivo_Mirce
497,Time_of_Contempt_characters,Joachim_Schwann
498,Time_of_Contempt_characters,Juan_Pablo_Vassermiller
499,Time_of_Contempt_characters,Junghans
500,Time_of_Contempt_characters,Kennet
501,Time_of_Contempt_characters,Kistrin
502,Time_of_Contempt_characters,Kreve
503,Time_of_Contempt_characters,Lawdbor
504,Time_of_Contempt_characters,Levecque
505,Time_of_Contempt_characters,Lucas_Corto
506,Time_of_Contempt_characters,Lytta_Neyd
507,Time_of_Contempt_characters,Marck
508,Time_of_Contempt_characters,Mestvin
509,Time_of_Contempt_characters,Mitzi
510,Time_of_Contempt_characters,Mor%C3%A9nn
511,Time_of_Contempt_characters,Mousesack
512,Time_of_Contempt_characters,Muskrat
513,Time_of_Contempt_characters,Myrgtabrakke
514,Time_of_Contempt_characters,Nadbor
515,Time_of_Contempt_characters,Nelumbo
516,Time_of_Contempt_characters,Niedamir
517,Time_of_Contempt_characters,Paulie_Dahlberg
518,Time_of_Contempt_characters,Pavetta
519,Time_of_Contempt_characters,Podveyka
520,Time_of_Contempt_characters,Pokvit
521,Time_of_Contempt_characters,Putzi
522,Time_of_Contempt_characters,Radcliffe
523,Time_of_Contempt_characters,Regan_Dahlberg
524,Time_of_Contempt_characters,Rhundurin
525,Time_of_Contempt_characters,Rhyd
526,Time_of_Contempt_characters,Roach
527,Time_of_Contempt_characters,Roedskilde
528,Time_of_Contempt_characters,Sabrina_Glevissig
529,Time_of_Contempt_characters,Sambuk
530,Time_of_Contempt_characters,Sh%27eenaz
531,Time_of_Contempt_characters,Sheepbagger
532,Time_of_Contempt_characters,Sirssa
533,Time_of_Contempt_characters,Sorrel
534,Time_of_Contempt_characters,Stefan_Skellen
535,Time_of_Contempt_characters,Sulik
536,Time_of_Contempt_characters,Sulimir
537,Time_of_Contempt_characters,Sword_of_Destiny_minor_characters
538,Time_of_Contempt_characters,Teleri_Drouhard
539,Time_of_Contempt_characters,Ther_Lukokian
540,Time_of_Contempt_characters,Triss_Merigold
541,Time_of_Contempt_characters,T%C3%A9a
542,Time_of_Contempt_characters,Vanda
543,Time_of_Contempt_characters,Vanielle
544,Time_of_Contempt_characters,Vell
545,Time_of_Contempt_characters,Venzlav
546,Time_of_Contempt_characters,Vertvern
547,Time_of_Contempt_characters,Vesemir
548,Time_of_Contempt_characters,Vespula
549,Time_of_Contempt_characters,Veverka
550,Time_of_Contempt_characters,Villentretenmerth
551,Time_of_Contempt_characters,Vimme_Vivaldi
552,Time_of_Contempt_characters,Viraxas
553,Time_of_Contempt_characters,Visenna
554,Time_of_Contempt_characters,Voymir_(knight)
555,Time_of_Contempt_characters,V%C3%A9a
556,Time_of_Contempt_characters,Xavier_Moran
557,Time_of_Contempt_characters,Yannick_Brass
558,Time_of_Contempt_characters,Yarpen_Zigrin
559,Time_of_Contempt_characters,Yennefer_of_Vengerberg
560,Time_of_Contempt_characters,Yo%C3%ABl_Grethen
561,Time_of_Contempt_characters,Yurga
562,Time_of_Contempt_characters,Zelest
563,Time_of_Contempt_characters,Ethain
564,Time_of_Contempt_characters,Mathen
565,Time_of_Contempt_characters,Sha
566,Time_of_Contempt_characters,Saint_Elmo
567,Time_of_Contempt_characters,Aarhenius_Krantz
568,Time_of_Contempt_characters,Abonde
569,Time_of_Contempt_characters,Adam_Pangratt
570,Time_of_Contempt_characters,Adela_Marta
571,Time_of_Contempt_characters,Aen_Saevherne
572,Time_of_Contempt_characters,Aillil_Mawr_Dyffryn_aep_Ceallach
573,Time_of_Contempt_characters,Albert_Solpietra
574,Time_of_Contempt_characters,Alcides_Fierabras
575,Time_of_Contempt_characters,Alo%C3%AB_Hildebrandt
576,Time_of_Contempt_characters,Amadis_de_Trastamara
577,Time_of_Contempt_characters,Andy_Biberveldt
578,Time_of_Contempt_characters,Angoul%C3%AAme
579,Time_of_Contempt_characters,Angus_Bri_Cri
580,Time_of_Contempt_characters,Anna_Henrietta
581,Time_of_Contempt_characters,Anna_Tiller
582,Time_of_Contempt_characters,Anzelm_Aubry
583,Time_of_Contempt_characters,Ardal_aep_Dahy
584,Time_of_Contempt_characters,Aristoteles_Bobeck
585,Time_of_Contempt_characters,Artorius_Vigo
586,Time_of_Contempt_characters,Assire_var_Anahid
587,Time_of_Contempt_characters,Auberon_Muircetach
588,Time_of_Contempt_characters,Aubry_(second_born)
589,Time_of_Contempt_characters,Avallac%27h
590,Time_of_Contempt_characters,Barclay_Els
591,Time_of_Contempt_characters,Berengar_Leuvaarden
592,Time_of_Contempt_characters,Bernie_Hofmeier
593,Time_of_Contempt_characters,Bertram_Skellen
594,Time_of_Contempt_characters,Blasco_Grant
595,Time_of_Contempt_characters,Blenheim_Blenckert
596,Time_of_Contempt_characters,Boreas_Mun
597,Time_of_Contempt_characters,Braathens
598,Time_of_Contempt_characters,Bronibor
599,Time_of_Contempt_characters,Brouver_Hoog
600,Time_of_Contempt_characters,Bucephalus
601,Time_of_Contempt_characters,Cahir_Mawr_Dyffryn_aep_Ceallach
602,Time_of_Contempt_characters,Cairbre_aep_Diared
603,Time_of_Contempt_characters,Calanthe
604,Time_of_Contempt_characters,Carolina_Roberta
605,Time_of_Contempt_characters,Carthia_van_Canten
606,Time_of_Contempt_characters,Ceallach_aep_Gruffyd
607,Time_of_Contempt_characters,Cedric_(king)
608,Time_of_Contempt_characters,Cerro
609,Time_of_Contempt_characters,Chevron_Knight
610,Time_of_Contempt_characters,Cinead_var_Anahid
611,Time_of_Contempt_characters,Ciri
612,Time_of_Contempt_characters,Ciri_(Jarre%27s_granddaughter)
613,Time_of_Contempt_characters,Cirilla_Fiona_(imposter)
614,Time_of_Contempt_characters,Coinneach_D%C3%A1_Reo
615,Time_of_Contempt_characters,Condwiramurs_Tilly
616,Time_of_Contempt_characters,Corbett
617,Time_of_Contempt_characters,Count_Broinne
618,Time_of_Contempt_characters,Count_de_Ruyter
619,Time_of_Contempt_characters,Co%C3%ABn
620,Time_of_Contempt_characters,Cregennan_of_Lod
621,Time_of_Contempt_characters,Cyprian_Fripp_the_younger
622,Time_of_Contempt_characters,Cyrus_Engelkind_Hemmelfart
623,Time_of_Contempt_characters,Dacre_Silifant
624,Time_of_Contempt_characters,Dagorad
625,Time_of_Contempt_characters,Dandelion
626,Time_of_Contempt_characters,Daniel_Etcheverry
627,Time_of_Contempt_characters,Debora
628,Time_of_Contempt_characters,Dede_Vargas
629,Time_of_Contempt_characters,Demavend_III
630,Time_of_Contempt_characters,Dennis_Cranmer
631,Time_of_Contempt_characters,Deuslax
632,Time_of_Contempt_characters,Devlin_aep_Meara
633,Time_of_Contempt_characters,Dezmod
634,Time_of_Contempt_characters,Dheran_Mawr_Dyffryn_aep_Ceallach
635,Time_of_Contempt_characters,Didi_Hofmeier
636,Time_of_Contempt_characters,Digod
637,Time_of_Contempt_characters,Dominik_Bombastus_Houvenaghel
638,Time_of_Contempt_characters,Draakul
639,Time_of_Contempt_characters,Dyffryn
640,Time_of_Contempt_characters,Edmund_Bumbler
641,Time_of_Contempt_characters,Effenberg
642,Time_of_Contempt_characters,Eithn%C3%A9
643,Time_of_Contempt_characters,Elan_Trahe
644,Time_of_Contempt_characters,Elkana_Foster
645,Time_of_Contempt_characters,Emhyr_var_Emreis
646,Time_of_Contempt_characters,Emiel_Regis_Rohellec_Terzieff-Godefroy
647,Time_of_Contempt_characters,Emmerich_Gottschalk
648,Time_of_Contempt_characters,Eredin_Br%C3%A9acc_Glas
649,Time_of_Contempt_characters,Ervyll
650,Time_of_Contempt_characters,Eskel
651,Time_of_Contempt_characters,Esterad_Thyssen
652,Time_of_Contempt_characters,Ethain
653,Time_of_Contempt_characters,Eudora_Breckenriggs
654,Time_of_Contempt_characters,Eurneid
655,Time_of_Contempt_characters,Evangelina_Parr
656,Time_of_Contempt_characters,Eviva_var_Anahid
657,Time_of_Contempt_characters,Fabio_Sachs
658,Time_of_Contempt_characters,Falka
659,Time_of_Contempt_characters,Fergus_var_Emreis
660,Time_of_Contempt_characters,Field_Marshal_Windbag
661,Time_of_Contempt_characters,Figgis_Merluzzo
662,Time_of_Contempt_characters,Fisher_King_(lover_of_Nimue)
663,Time_of_Contempt_characters,Fitz-Oesterlen_(cadet)
664,Time_of_Contempt_characters,Flourens_Delannoy
665,Time_of_Contempt_characters,Foltest
666,Time_of_Contempt_characters,Forest_Gramps
667,Time_of_Contempt_characters,Francesca_Findabair
668,Time_of_Contempt_characters,Fringilla_Vigo
669,Time_of_Contempt_characters,Fulko_Artevelde
670,Time_of_Contempt_characters,Fuson
671,Time_of_Contempt_characters,Galahad
672,Time_of_Contempt_characters,Gardik
673,Time_of_Contempt_characters,Gefreiter_Corncrake
674,Time_of_Contempt_characters,Geralt_of_Rivia
675,Time_of_Contempt_characters,Goidemar
676,Time_of_Contempt_characters,Goulue
677,Time_of_Contempt_characters,Gruffyd
678,Time_of_Contempt_characters,Guy_de_Bois-Fresnes
679,Time_of_Contempt_characters,Hamilcar_Danza
680,Time_of_Contempt_characters,Hedwig_of_Malleore
681,Time_of_Contempt_characters,Henselt
682,Time_of_Contempt_characters,Hereward
683,Time_of_Contempt_characters,Holofernes_Hofmeier
684,Time_of_Contempt_characters,Ida_Emean_aep_Sivney
685,Time_of_Contempt_characters,Ihuarraquax
686,Time_of_Contempt_characters,Impatientia_Vanderbeck
687,Time_of_Contempt_characters,Incarvilia_Hildebrandt
688,Time_of_Contempt_characters,Iola_the_Second
689,Time_of_Contempt_characters,Isengrim_Faoiltiarna
690,Time_of_Contempt_characters,Istvan_Igalffy
691,Time_of_Contempt_characters,Ithlinne
692,Time_of_Contempt_characters,Jacqueline
693,Time_of_Contempt_characters,Jan_Lennep
694,Time_of_Contempt_characters,Jan_Natalis
695,Time_of_Contempt_characters,Jarre
696,Time_of_Contempt_characters,Jean_Catillon
697,Time_of_Contempt_characters,Jean_La_Voisier
698,Time_of_Contempt_characters,Joachim_de_Wett
699,Time_of_Contempt_characters,John_of_Attre
700,Time_of_Contempt_characters,Juan_Gutierrez
701,Time_of_Contempt_characters,Julia_Abatemarco
702,Time_of_Contempt_characters,Katje
703,Time_of_Contempt_characters,Kees_van_Lo
704,Time_of_Contempt_characters,Keira_Metz
705,Time_of_Contempt_characters,Kelpie_(horse)
706,Time_of_Contempt_characters,King_of_the_Wild_Hunt
707,Time_of_Contempt_characters,Kistrin
708,Time_of_Contempt_characters,Klaproth
709,Time_of_Contempt_characters,Kobus_de_Ruyter
710,Time_of_Contempt_characters,Lamarr_Flaut
711,Time_of_Contempt_characters,Lambert
712,Time_of_Contempt_characters,Lara_Dorren
713,Time_of_Contempt_characters,Lebioda
714,Time_of_Contempt_characters,Leo_Bonhart
715,Time_of_Contempt_characters,Leon_Oppenhauser
716,Time_of_Contempt_characters,Liam_aep_Muir_Moss
717,Time_of_Contempt_characters,Lorenzo_Molla
718,Time_of_Contempt_characters,Lucienne
719,Time_of_Contempt_characters,Lydia_van_Bredevoort
720,Time_of_Contempt_characters,Lytta_Neyd
721,Time_of_Contempt_characters,Malatesta
722,Time_of_Contempt_characters,Margarita_Laux-Antille
723,Time_of_Contempt_characters,Markus_Braibant
724,Time_of_Contempt_characters,Marti_S%C3%B6dergren
725,Time_of_Contempt_characters,Mawr_var_Anahid
726,Time_of_Contempt_characters,Melfi
727,Time_of_Contempt_characters,Menno_Coehoorn
728,Time_of_Contempt_characters,Meve
729,Time_of_Contempt_characters,Milo_Vanderbeck
730,Time_of_Contempt_characters,Milton
731,Time_of_Contempt_characters,Milton_de_Peyrac-Peyran
732,Time_of_Contempt_characters,Milva
733,Time_of_Contempt_characters,Mistle
734,Time_of_Contempt_characters,Morvran_Voorhis
735,Time_of_Contempt_characters,Munro_Bruys
736,Time_of_Contempt_characters,Myrrha
737,Time_of_Contempt_characters,Nadia_Esposito
738,Time_of_Contempt_characters,Natanis
739,Time_of_Contempt_characters,Nenneke
740,Time_of_Contempt_characters,Nicodemus_de_Boot
741,Time_of_Contempt_characters,Nimue_verch_Wledyr_ap_Gwyn
742,Time_of_Contempt_characters,Nitert
743,Time_of_Contempt_characters,Notturna
744,Time_of_Contempt_characters,Nycklar
745,Time_of_Contempt_characters,Ograbek
746,Time_of_Contempt_characters,Okultich
747,Time_of_Contempt_characters,Ola_Harsheim
748,Time_of_Contempt_characters,Orestes_Kopps
749,Time_of_Contempt_characters,Ori_Reuven
750,Time_of_Contempt_characters,Otto_de_Congreve
751,Time_of_Contempt_characters,Ouder_de_Wyngalt
752,Time_of_Contempt_characters,Palmerin_de_Launfal
753,Time_of_Contempt_characters,Papebrock
754,Time_of_Contempt_characters,Paulie_Dahlberg
755,Time_of_Contempt_characters,Pelligram
756,Time_of_Contempt_characters,Percival_Schuttenbach
757,Time_of_Contempt_characters,Peter_Faramond
758,Time_of_Contempt_characters,Petunia_Hildebrandt
759,Time_of_Contempt_characters,Philippa_Eilhart
760,Time_of_Contempt_characters,Pike_(person)
761,Time_of_Contempt_characters,Prince_Voorhis
762,Time_of_Contempt_characters,Prine
763,Time_of_Contempt_characters,Puttkammer
764,Time_of_Contempt_characters,Radovid_V
765,Time_of_Contempt_characters,Ramon_Tyrconnel
766,Time_of_Contempt_characters,Rayla
767,Time_of_Contempt_characters,Abergard
768,Time_of_Contempt_characters,Abrad_%22Jack-up-the-Skirt%22
769,Time_of_Contempt_characters,Adda_of_Temeria
770,Time_of_Contempt_characters,Adda_the_White
771,Time_of_Contempt_characters,Aen_Saevherne
772,Time_of_Contempt_characters,Akerspaark
773,Time_of_Contempt_characters,Aridea
774,Time_of_Contempt_characters,Arthur_Tailles
775,Time_of_Contempt_characters,Audoen
776,Time_of_Contempt_characters,Beau_Berrant
777,Time_of_Contempt_characters,Bernika
778,Time_of_Contempt_characters,Borg
779,Time_of_Contempt_characters,Bran_Tuirseach
780,Time_of_Contempt_characters,Butcher_of_Blaviken
781,Time_of_Contempt_characters,Calanthe
782,Time_of_Contempt_characters,Caldemeyn
783,Time_of_Contempt_characters,Carrypebble
784,Time_of_Contempt_characters,Centurion_(innkeeper)
785,Time_of_Contempt_characters,Cerberus
786,Time_of_Contempt_characters,Cerro
787,Time_of_Contempt_characters,Chireadan
788,Time_of_Contempt_characters,Civril
789,Time_of_Contempt_characters,Crach_an_Craite
790,Time_of_Contempt_characters,Crach%27s_mother
791,Time_of_Contempt_characters,Dalimira
792,Time_of_Contempt_characters,Dandelion
793,Time_of_Contempt_characters,Dennis_Cranmer
794,Time_of_Contempt_characters,Dezmod
795,Time_of_Contempt_characters,Dhun
796,Time_of_Contempt_characters,Dragomir
797,Time_of_Contempt_characters,Draig_Bon-Dhu
798,Time_of_Contempt_characters,Drogodar
799,Time_of_Contempt_characters,Eist_Tuirseach
800,Time_of_Contempt_characters,Eltibald
801,Time_of_Contempt_characters,Emhyr_var_Emreis
802,Time_of_Contempt_characters,Ermellia
803,Time_of_Contempt_characters,Errdil
804,Time_of_Contempt_characters,Eskel
805,Time_of_Contempt_characters,Ethain
806,Time_of_Contempt_characters,Evermir
807,Time_of_Contempt_characters,Eylembert_of_Tigg
808,Time_of_Contempt_characters,Falwick
809,Time_of_Contempt_characters,Fenne
810,Time_of_Contempt_characters,Fialka
811,Time_of_Contempt_characters,Fifteen
812,Time_of_Contempt_characters,Filavandrel_a%C3%A9n_Fidh%C3%A1il
813,Time_of_Contempt_characters,Fodcat
814,Time_of_Contempt_characters,Foltest
815,Time_of_Contempt_characters,Fredefalk_Vellga
816,Time_of_Contempt_characters,Galarr
817,Time_of_Contempt_characters,Geoffrey_Monck
818,Time_of_Contempt_characters,Geralt_of_Rivia
819,Time_of_Contempt_characters,Glutton
820,Time_of_Contempt_characters,Haxo
821,Time_of_Contempt_characters,Herbert_Stammelford
822,Time_of_Contempt_characters,Hereward
823,Time_of_Contempt_characters,Heribert
824,Time_of_Contempt_characters,Idi
825,Time_of_Contempt_characters,Ilka
826,Time_of_Contempt_characters,Iola
827,Time_of_Contempt_characters,Irion
828,Time_of_Contempt_characters,Karelka
829,Time_of_Contempt_characters,Krepp
830,Time_of_Contempt_characters,Laurelnose
831,Time_of_Contempt_characters,Lebioda
832,Time_of_Contempt_characters,Lenka
833,Time_of_Contempt_characters,Libushe
834,Time_of_Contempt_characters,Lille
835,Time_of_Contempt_characters,Lord_Strept
836,Time_of_Contempt_characters,Mad_De%C3%AF
837,Time_of_Contempt_characters,Marilka
838,Time_of_Contempt_characters,Medell
839,Time_of_Contempt_characters,Mousesack
840,Time_of_Contempt_characters,Nan_the_Hag
841,Time_of_Contempt_characters,Nenneke
842,Time_of_Contempt_characters,Nettly
843,Time_of_Contempt_characters,Neville
844,Time_of_Contempt_characters,Nimir
845,Time_of_Contempt_characters,Nivellen
846,Time_of_Contempt_characters,Nohorn
847,Time_of_Contempt_characters,Ostrit
848,Time_of_Contempt_characters,Pavetta
849,Time_of_Contempt_characters,Primula
850,Time_of_Contempt_characters,Rainfarn
851,Time_of_Contempt_characters,Ravix_of_Fourhorn
852,Time_of_Contempt_characters,Renfri_Vellga
853,Time_of_Contempt_characters,Roach
854,Time_of_Contempt_characters,Roderick_de_Novembre
855,Time_of_Contempt_characters,Roegner_of_Ebbing
856,Time_of_Contempt_characters,Rulle_Asper
857,Time_of_Contempt_characters,Rumplestelt
858,Time_of_Contempt_characters,Sancia_of_Sodden
859,Time_of_Contempt_characters,Segelin
860,Time_of_Contempt_characters,Seven_gnomes
861,Time_of_Contempt_characters,Silvena_(Fredefalk%27s_wife)
862,Time_of_Contempt_characters,Silvena_(Narok_ruler)
863,Time_of_Contempt_characters,Slow
864,Time_of_Contempt_characters,Stregobor
865,Time_of_Contempt_characters,Supree
866,Time_of_Contempt_characters,Tavik
867,Time_of_Contempt_characters,The_Last_Wish_minor_characters
868,Time_of_Contempt_characters,Tinglant
869,Time_of_Contempt_characters,Torque
870,Time_of_Contempt_characters,Toruviel
871,Time_of_Contempt_characters,Treska
872,Time_of_Contempt_characters,Trigla
873,Time_of_Contempt_characters,Triss_Merigold
874,Time_of_Contempt_characters,Valdo_Marx
875,Time_of_Contempt_characters,Vanadain
876,Time_of_Contempt_characters,Velerad
877,Time_of_Contempt_characters,Venimira
878,Time_of_Contempt_characters,Vereena
879,Time_of_Contempt_characters,Vesemir
880,Time_of_Contempt_characters,Virginia
881,Time_of_Contempt_characters,Vissegerd
882,Time_of_Contempt_characters,Vizimir_II
883,Time_of_Contempt_characters,Vratimir
884,Time_of_Contempt_characters,Vridank
885,Time_of_Contempt_characters,Vyr
886,Time_of_Contempt_characters,Warder
887,Time_of_Contempt_characters,Wieldhill
888,Time_of_Contempt_characters,Windhalm_of_Attre
889,Time_of_Contempt_characters,Yennefer_of_Vengerberg
890,Time_of_Contempt_characters,Zatret_Voruta
891,Time_of_Contempt_characters,Zavist
892,Time_of_Contempt_characters,Zivelina
893,Time_of_Contempt_characters,Adam_Pangratt
894,Time_of_Contempt_characters,Aideen
895,Time_of_Contempt_characters,Almavera
896,Time_of_Contempt_characters,Amaranth
897,Time_of_Contempt_characters,Ambassador_de_Ruyter
898,Time_of_Contempt_characters,Andres_Vierny
899,Time_of_Contempt_characters,Angoul%C3%AAme
900,Time_of_Contempt_characters,Anna_Henrietta
901,Time_of_Contempt_characters,Ardal_aep_Dahy
902,Time_of_Contempt_characters,Aristide_Vermuellen
903,Time_of_Contempt_characters,Asa_Thjazi
904,Time_of_Contempt_characters,Asse
905,Time_of_Contempt_characters,Assire_var_Anahid
906,Time_of_Contempt_characters,Avallac%27h
907,Time_of_Contempt_characters,Baron_of_Casadei
908,Time_of_Contempt_characters,Benda
909,Time_of_Contempt_characters,Bert_Brigden
910,Time_of_Contempt_characters,Big_Lothar
911,Time_of_Contempt_characters,Billy_Goat_(digger)
912,Time_of_Contempt_characters,Blanka
913,Time_of_Contempt_characters,Boreas_Mun
914,Time_of_Contempt_characters,Bran_Tuirseach
915,Time_of_Contempt_characters,Bucephalus
916,Time_of_Contempt_characters,Buyvid_Backhuysen
917,Time_of_Contempt_characters,Cahir_Mawr_Dyffryn_aep_Ceallach
918,Time_of_Contempt_characters,Calanthe
919,Time_of_Contempt_characters,Caleb_Stratton
920,Time_of_Contempt_characters,Carthia_van_Canten
921,Time_of_Contempt_characters,Ceallach_aep_Gruffyd
922,Time_of_Contempt_characters,Chloe_Stitz
923,Time_of_Contempt_characters,Ciri
924,Time_of_Contempt_characters,Cirilla_Fiona_(imposter)
925,Time_of_Contempt_characters,Codringher
926,Time_of_Contempt_characters,Co%C3%ABn
927,Time_of_Contempt_characters,Crach_an_Craite
928,Time_of_Contempt_characters,Cregennan_of_Lod
929,Time_of_Contempt_characters,Cyprian_Fripp_the_elder
930,Time_of_Contempt_characters,Cyprian_Fripp_the_younger
931,Time_of_Contempt_characters,D%27Arvy
932,Time_of_Contempt_characters,Dacre_Silifant
933,Time_of_Contempt_characters,Dandelion
934,Time_of_Contempt_characters,Daniel_Etcheverry
935,Time_of_Contempt_characters,Debora
936,Time_of_Contempt_characters,Declan_Ros_aep_Maelchlad
937,Time_of_Contempt_characters,Dede_Vargas
938,Time_of_Contempt_characters,Demavend_III
939,Time_of_Contempt_characters,Dominik_Bombastus_Houvenaghel
940,Time_of_Contempt_characters,Draakul
941,Time_of_Contempt_characters,Dufficey_Kriel
942,Time_of_Contempt_characters,Effenberg
943,Time_of_Contempt_characters,Eist_Tuirseach
944,Time_of_Contempt_characters,Emhyr_var_Emreis
945,Time_of_Contempt_characters,Emiel_Regis_Rohellec_Terzieff-Godefroy
946,Time_of_Contempt_characters,Eredin_Br%C3%A9acc_Glas
947,Time_of_Contempt_characters,Eskel
948,Time_of_Contempt_characters,Esterad_Thyssen
949,Time_of_Contempt_characters,Esterhazy
950,Time_of_Contempt_characters,Esteril_Thyssen
951,Time_of_Contempt_characters,Eurneid
952,Time_of_Contempt_characters,Fabio_Sachs
953,Time_of_Contempt_characters,Falka_(alias)
954,Time_of_Contempt_characters,Fergus_var_Emreis
955,Time_of_Contempt_characters,Flourens_Delannoy
956,Time_of_Contempt_characters,Fringilla_Vigo
957,Time_of_Contempt_characters,Fulko_Artevelde
958,Time_of_Contempt_characters,Gabriel_(person)
959,Time_of_Contempt_characters,Gaudemunda_Thyssen
960,Time_of_Contempt_characters,Gedovius_Troyden
961,Time_of_Contempt_characters,Gemma
962,Time_of_Contempt_characters,Geoffrey_Monck
963,Time_of_Contempt_characters,Geralt_of_Rivia
964,Time_of_Contempt_characters,Gerard_Troyden
965,Time_of_Contempt_characters,Giselher
966,Time_of_Contempt_characters,Golan_Drozdeck
967,Time_of_Contempt_characters,Gosta
968,Time_of_Contempt_characters,Goulue
969,Time_of_Contempt_characters,Guiscard_Vermuellen
970,Time_of_Contempt_characters,Guthlaf
971,Time_of_Contempt_characters,Henselt
972,Time_of_Contempt_characters,Hjalmar_an_Craite
973,Time_of_Contempt_characters,Homer_Straggen
974,Time_of_Contempt_characters,Horsehide
975,Time_of_Contempt_characters,Hotspurn
976,Time_of_Contempt_characters,Iola
977,Time_of_Contempt_characters,Iola_the_Second
978,Time_of_Contempt_characters,Iskra
979,Time_of_Contempt_characters,Ithlinne
980,Time_of_Contempt_characters,Jacob_Fenn
981,Time_of_Contempt_characters,Jan_Calveit
982,Time_of_Contempt_characters,Jan_Cronin
983,Time_of_Contempt_characters,Jarre
984,Time_of_Contempt_characters,Jediah_Mekesser
985,Time_of_Contempt_characters,Joachim_de_Wett
986,Time_of_Contempt_characters,Joanna_Selborne
987,Time_of_Contempt_characters,Juan_Gutierrez
988,Time_of_Contempt_characters,Julia_Abatemarco
989,Time_of_Contempt_characters,Kabernik_Turent
990,Time_of_Contempt_characters,Kamil_Ronstetter
991,Time_of_Contempt_characters,Katje
992,Time_of_Contempt_characters,Kaveri
993,Time_of_Contempt_characters,Kayleigh
994,Time_of_Contempt_characters,Kelpie_(horse)
995,Time_of_Contempt_characters,Kohut
996,Time_of_Contempt_characters,Lady_de_Lisemore
997,Time_of_Contempt_characters,Lambert
998,Time_of_Contempt_characters,Lara_Dorren
999,Time_of_Contempt_characters,Lebioda
1000,Time_of_Contempt_characters,Leo_Bonhart
1001,Time_of_Contempt_characters,Lorenzo_Molla
1002,Time_of_Contempt_characters,Lydia_van_Bredevoort
1003,Time_of_Contempt_characters,Mad_De%C3%AF
1004,Time_of_Contempt_characters,Margarita_Laux-Antille
1005,Time_of_Contempt_characters,Marie_de_Mercey
1006,Time_of_Contempt_characters,Markus_Braibant
1007,Time_of_Contempt_characters,Marquard
1008,Time_of_Contempt_characters,Marquis_de_Mercey
1009,Time_of_Contempt_characters,Matilda_de_Nementh-Uyvar
1010,Time_of_Contempt_characters,Matted_Hair
1011,Time_of_Contempt_characters,Mawr_var_Anahid
1012,Time_of_Contempt_characters,Menno_Coehoorn
1013,Time_of_Contempt_characters,Meve
1014,Time_of_Contempt_characters,Michael_de_Noailles
1015,Time_of_Contempt_characters,Milo_Vanderbeck
1016,Time_of_Contempt_characters,Milton_de_Peyrac-Peyran
1017,Time_of_Contempt_characters,Milva
1018,Time_of_Contempt_characters,Mistle
1019,Time_of_Contempt_characters,Muchomorek
1020,Time_of_Contempt_characters,Myrrha
1021,Time_of_Contempt_characters,Nenneke
1022,Time_of_Contempt_characters,Neratin_Ceka
1023,Time_of_Contempt_characters,Novosad
1024,Time_of_Contempt_characters,Nycklar
1025,Time_of_Contempt_characters,Ola_Harsheim
1026,Time_of_Contempt_characters,Paulie_Dahlberg
1027,Time_of_Contempt_characters,Pennycuick
1028,Time_of_Contempt_characters,Philippa_Eilhart
1029,Time_of_Contempt_characters,Prine
1030,Time_of_Contempt_characters,Radcliffe
1031,Time_of_Contempt_characters,Radovid_I
1032,Time_of_Contempt_characters,Radovid_III
1033,Time_of_Contempt_characters,Radovid_V
1034,Time_of_Contempt_characters,Raymund
1035,Time_of_Contempt_characters,Reef
1036,Time_of_Contempt_characters,Reynart_de_Bois-Fresnes
1037,Time_of_Contempt_characters,Rhyd
1038,Time_of_Contempt_characters,Riannon
1039,Time_of_Contempt_characters,Rience
1040,Time_of_Contempt_characters,Rispat_La_Pointe
1041,Time_of_Contempt_characters,Roach
1042,Time_of_Contempt_characters,Roderick_de_Novembre
1043,Time_of_Contempt_characters,Rupert_(The_Tower_of_the_Swallow)
1044,Time_of_Contempt_characters,Scarra_sisters
1045,Time_of_Contempt_characters,Schirr%C3%BA
1046,Time_of_Contempt_characters,Schliemann
1047,Time_of_Contempt_characters,Sheala_de_Tancarville
1048,Time_of_Contempt_characters,Sigismund_Dijkstra
1049,Time_of_Contempt_characters,Sigrdrifa
1050,Time_of_Contempt_characters,Stavro
1051,Time_of_Contempt_characters,Stigward
1052,Time_of_Contempt_characters,Surcratasse
1053,Time_of_Contempt_characters,Sven_(Guthlaf%27s_father)
1054,Time_of_Contempt_characters,Talbot
1055,Time_of_Contempt_characters,Tankred_Thyssen
1056,Time_of_Contempt_characters,Til_Echrade
1057,Time_of_Contempt_characters,Tissaia_de_Vries
1058,Time_of_Contempt_characters,Torres_var_Emreis
1059,Time_of_Contempt_characters,Triss_Merigold
1060,Time_of_Contempt_characters,Troyden
1061,Time_of_Contempt_characters,Valdez
1062,Time_of_Contempt_characters,Vattier_de_Rideaux
1063,Time_of_Contempt_characters,Vesemir
1064,Time_of_Contempt_characters,Vilgefortz
1065,Time_of_Contempt_characters,Vissegerd
1066,Time_of_Contempt_characters,Vizimir_II
1067,Time_of_Contempt_characters,Vysogota_of_Corvo
1068,Time_of_Contempt_characters,Walter_Beda
1069,Time_of_Contempt_characters,Weasel
1070,Time_of_Contempt_characters,Windsor_Imbra
1071,Time_of_Contempt_characters,Xarthisius
1072,Time_of_Contempt_characters,Yarpen_Zigrin
1073,Time_of_Contempt_characters,Yennefer_of_Vengerberg
1074,Time_of_Contempt_characters,Yirrel
1075,Time_of_Contempt_characters,Yuz_Jannowitz
1076,Time_of_Contempt_characters,Zdyb
1077,Time_of_Contempt_characters,Zuleyka
1078,Time_of_Contempt_characters,Zyvik
1079,Time_of_Contempt_characters,Abdank
1080,Time_of_Contempt_characters,Agnes_of_Glanville
1081,Time_of_Contempt_characters,Aine_Dermott
1082,Time_of_Contempt_characters,Akerspaark
1083,Time_of_Contempt_characters,Akerspaark%27s_children
1084,Time_of_Contempt_characters,Alia_Akerspaark
1085,Time_of_Contempt_characters,Aplegatt
1086,Time_of_Contempt_characters,April_Wenhaver
1087,Time_of_Contempt_characters,Ardal_aep_Dahy
1088,Time_of_Contempt_characters,Argentina_Akerspaark
1089,Time_of_Contempt_characters,Artaud_Terranova
1090,Time_of_Contempt_characters,Asse
1091,Time_of_Contempt_characters,Audegast
1092,Time_of_Contempt_characters,Augusta_Wagner
1093,Time_of_Contempt_characters,Aurora_Henson
1094,Time_of_Contempt_characters,Bernie_Hofmeier
1095,Time_of_Contempt_characters,Bianca_d%27Este
1096,Time_of_Contempt_characters,Blaise
1097,Time_of_Contempt_characters,Blue_Knight
1098,Time_of_Contempt_characters,Bode
1099,Time_of_Contempt_characters,Bronibor
1100,Time_of_Contempt_characters,Cahir_Mawr_Dyffryn_aep_Ceallach
1101,Time_of_Contempt_characters,Cairbre_aep_Diared
1102,Time_of_Contempt_characters,Calanthe
1103,Time_of_Contempt_characters,Carduin
1104,Time_of_Contempt_characters,Carla_Demetia_Crest
1105,Time_of_Contempt_characters,Ceallach_aep_Gruffyd
1106,Time_of_Contempt_characters,Cinia_Hofmeier
1107,Time_of_Contempt_characters,Ciri
1108,Time_of_Contempt_characters,Cirilla_Fiona_(imposter)
1109,Time_of_Contempt_characters,Clara_aep_Gwydolyn_Gor
1110,Time_of_Contempt_characters,Codringher
1111,Time_of_Contempt_characters,Co%C3%ABn
1112,Time_of_Contempt_characters,Cregennan_of_Lod
1113,Time_of_Contempt_characters,Dagorad
1114,Time_of_Contempt_characters,Dandelion
1115,Time_of_Contempt_characters,Demavend_III
1116,Time_of_Contempt_characters,Dervla_Tryffin_Broinne
1117,Time_of_Contempt_characters,Detmold
1118,Time_of_Contempt_characters,Digod
1119,Time_of_Contempt_characters,Dorregaray
1120,Time_of_Contempt_characters,Drithelm
1121,Time_of_Contempt_characters,Effenberg
1122,Time_of_Contempt_characters,Eist_Tuirseach
1123,Time_of_Contempt_characters,Eithn%C3%A9
1124,Time_of_Contempt_characters,Elan_Trahe
1125,Time_of_Contempt_characters,Elen_of_Kaedwen
1126,Time_of_Contempt_characters,Emhyr_var_Emreis
1127,Time_of_Contempt_characters,Eredin_Br%C3%A9acc_Glas
1128,Time_of_Contempt_characters,Ervyll
1129,Time_of_Contempt_characters,Eskel
1130,Time_of_Contempt_characters,Esterad_Thyssen
1131,Time_of_Contempt_characters,Ethain
1132,Time_of_Contempt_characters,Ettariel
1133,Time_of_Contempt_characters,Evan_Helvet
1134,Time_of_Contempt_characters,Fabio_Sachs
1135,Time_of_Contempt_characters,Fabio_Sachs_(senior)
1136,Time_of_Contempt_characters,Falka
1137,Time_of_Contempt_characters,Falka_(alias)
1138,Time_of_Contempt_characters,Fauve
1139,Time_of_Contempt_characters,Fercart
1140,Time_of_Contempt_characters,Filavandrel_a%C3%A9n_Fidh%C3%A1il
1141,Time_of_Contempt_characters,Fiona
1142,Time_of_Contempt_characters,Flavius_Michelet
1143,Time_of_Contempt_characters,Flourens_Delannoy
1144,Time_of_Contempt_characters,Foltest
1145,Time_of_Contempt_characters,Francesca_Findabair
1146,Time_of_Contempt_characters,Franklin_Hofmeier
1147,Time_of_Contempt_characters,Geoffrey_Monck
1148,Time_of_Contempt_characters,Geralt_of_Rivia
1149,Time_of_Contempt_characters,Gerhart_of_Aelle
1150,Time_of_Contempt_characters,Giambattista
1151,Time_of_Contempt_characters,Giselher
1152,Time_of_Contempt_characters,Gonzalez_Akerspaark
1153,Time_of_Contempt_characters,Gorazd
1154,Time_of_Contempt_characters,Gorm_Akerspaark
1155,Time_of_Contempt_characters,Hansom
1156,Time_of_Contempt_characters,Hedwig_of_Malleore
1157,Time_of_Contempt_characters,Heimo_Kantor
1158,Time_of_Contempt_characters,Henselt
1159,Time_of_Contempt_characters,Herbert_Stammelford
1160,Time_of_Contempt_characters,Horm_Akerspaark
1161,Time_of_Contempt_characters,Ho%C3%ABt
1162,Time_of_Contempt_characters,Hrafnir
1163,Time_of_Contempt_characters,Hugo_Ansbach
1164,Time_of_Contempt_characters,Ihuarraquax
1165,Time_of_Contempt_characters,Ilona_Laux-Antille
1166,Time_of_Contempt_characters,Immanuel_Benavent
1167,Time_of_Contempt_characters,Iskra
1168,Time_of_Contempt_characters,Ithlinne
1169,Time_of_Contempt_characters,Ivo_Richert
1170,Time_of_Contempt_characters,Jacob_Fenn
1171,Time_of_Contempt_characters,Jada_Glevissig
1172,Time_of_Contempt_characters,Jan_Bekker
1173,Time_of_Contempt_characters,Jan_Calveit
1174,Time_of_Contempt_characters,Jarre
1175,Time_of_Contempt_characters,Joachim_de_Wett
1176,Time_of_Contempt_characters,Justin_Ingvar
1177,Time_of_Contempt_characters,Kayleigh
1178,Time_of_Contempt_characters,Keira_Metz
1179,Time_of_Contempt_characters,King_of_the_Wild_Hunt
1180,Time_of_Contempt_characters,Klara_Larissa_de_Winter
1181,Time_of_Contempt_characters,Korin
1182,Time_of_Contempt_characters,Kraska
1183,Time_of_Contempt_characters,Lambert
1184,Time_of_Contempt_characters,Lara_Dorren
1185,Time_of_Contempt_characters,Lars
1186,Time_of_Contempt_characters,Leila
1187,Time_of_Contempt_characters,Leticia_Charbonneau
1188,Time_of_Contempt_characters,Little_Yaxa
1189,Time_of_Contempt_characters,Lodovico_Michelet
1190,Time_of_Contempt_characters,Lutz
1191,Time_of_Contempt_characters,Lydia_van_Bredevoort
1192,Time_of_Contempt_characters,Malvina_Akerspaark
1193,Time_of_Contempt_characters,Mansfeld
1194,Time_of_Contempt_characters,Marder
1195,Time_of_Contempt_characters,Margarita_Laux-Antille
1196,Time_of_Contempt_characters,Markus_Braibant
1197,Time_of_Contempt_characters,Marquard
1198,Time_of_Contempt_characters,Marti_S%C3%B6dergren
1199,Time_of_Contempt_characters,Menno_Coehoorn
1200,Time_of_Contempt_characters,Meve
1201,Time_of_Contempt_characters,Michael_Glomb
1202,Time_of_Contempt_characters,Michelet_brothers
1203,Time_of_Contempt_characters,Milan_Raupenneck
1204,Time_of_Contempt_characters,Millet
1205,Time_of_Contempt_characters,Milva
1206,Time_of_Contempt_characters,Mistle
1207,Time_of_Contempt_characters,Molnar_Giancardi
1208,Time_of_Contempt_characters,Morvran_Voorhis
1209,Time_of_Contempt_characters,Nazarian
1210,Time_of_Contempt_characters,Nenneke
1211,Time_of_Contempt_characters,Niedamir
1212,Time_of_Contempt_characters,Nina_Akerspaark
1213,Time_of_Contempt_characters,Nina_Fioravanti
1214,Time_of_Contempt_characters,Nitert
1215,Time_of_Contempt_characters,Nora_Wagner
1216,Time_of_Contempt_characters,Orm_Akerspaark
1217,Time_of_Contempt_characters,Paulie_Dahlberg
1218,Time_of_Contempt_characters,Paulina_Akerspaark
1219,Time_of_Contempt_characters,Pavetta
1220,Time_of_Contempt_characters,Pegasus
1221,Time_of_Contempt_characters,Peter_Evertsen
1222,Time_of_Contempt_characters,Petunia_Hofmeier
1223,Time_of_Contempt_characters,Philippa_Eilhart
1224,Time_of_Contempt_characters,Pitcairn_Godyvron
1225,Time_of_Contempt_characters,Radcliffe
1226,Time_of_Contempt_characters,Radmir
1227,Time_of_Contempt_characters,Raffard_the_White
1228,Time_of_Contempt_characters,Ralf_Blunden
1229,Time_of_Contempt_characters,Ransant_Alvaro
1230,Time_of_Contempt_characters,Rayla
1231,Time_of_Contempt_characters,Reef
1232,Time_of_Contempt_characters,Rejean
1233,Time_of_Contempt_characters,Remiz
1234,Time_of_Contempt_characters,Rience
1235,Time_of_Contempt_characters,Rizzi_Michelet
1236,Time_of_Contempt_characters,Roach
1237,Time_of_Contempt_characters,Roderick_de_Novembre
1238,Time_of_Contempt_characters,Roegner_of_Ebbing
1239,Time_of_Contempt_characters,Rudiger
1240,Time_of_Contempt_characters,Sabrina_Glevissig
1241,Time_of_Contempt_characters,Schirr%C3%BA
1242,Time_of_Contempt_characters,Sigismund_Dijkstra
1243,Time_of_Contempt_characters,Sir_Sweers
1244,Time_of_Contempt_characters,Skomlik
1245,Time_of_Contempt_characters,Stahler
1246,Time_of_Contempt_characters,Stefan_Skellen
1247,Time_of_Contempt_characters,Stella_Congreve
1248,Time_of_Contempt_characters,Talbot
1249,Time_of_Contempt_characters,Tangerinka_Hofmeier
1250,Time_of_Contempt_characters,Tissaia_de_Vries
1251,Time_of_Contempt_characters,Torm_Akerspaark
1252,Time_of_Contempt_characters,Toruviel
1253,Time_of_Contempt_characters,Toublanc_Michelet
1254,Time_of_Contempt_characters,Triss_Merigold
1255,Time_of_Contempt_characters,Two_Tusks
1256,Time_of_Contempt_characters,Valia_Akerspaark
1257,Time_of_Contempt_characters,Vattier_de_Rideaux
1258,Time_of_Contempt_characters,Venzlav
1259,Time_of_Contempt_characters,Vercta
1260,Time_of_Contempt_characters,Vesemir
1261,Time_of_Contempt_characters,Vilgefortz
1262,Time_of_Contempt_characters,Villis
1263,Time_of_Contempt_characters,Vissegerd
1264,Time_of_Contempt_characters,Vizimir_II
1265,Time_of_Contempt_characters,Voymir_(Redanian)
1266,Time_of_Contempt_characters,Wilfli
1267,Time_of_Contempt_characters,Willemer
1268,Time_of_Contempt_characters,Xarthisius
1269,Time_of_Contempt_characters,Yaevinn
1270,Time_of_Contempt_characters,Yanna_of_Murivel
1271,Time_of_Contempt_characters,Yarpen_Zigrin
1272,Time_of_Contempt_characters,Yennefer_of_Vengerberg
1273,Time_of_Contempt_characters,Yiolenta_Suarez
1274,Time_of_Contempt_characters,Zyvik
